{
    "HumanPlayer2": 1569.4695015289756,
    "HumanPlayer1": 1579.3617397658988,
    "BT": 1706.0141355808912,
    "DOUBLE_DQN": 1477.6640031255154,
    "DUELING_DDQN": 1476.8166626734082,
    "DQN": 1384.1434588542863
}